{
   "dashboards": [{
      "autoswitchEnabled": false,
      "columnCount": 1,
      "columnProportion": "1",
      "creationTime": 1617124488580,
      "dashboardNavigations": {},
      "description": "",
      "disabled": false,
      "gridsterMaxColumns": 12,
      "hidden": false,
      "homeTab": false,
      "id": "eb49d44f-3d1f-40b3-a5f9-ebd36ab26f31",
      "importAttempts": 0,
      "importComplete": true,
      "lastUpdateTime": 1617555960635,
      "lastUpdateUserId": "287ed085-c6ca-4255-b69c-956f1665ed51",
      "locked": false,
      "name": "Custom Dashboards/Microsoft SQL Server Summary",
      "namePath": "Custom Dashboards",
      "rank": 0,
      "shared": false,
      "states": [{
         "key": "permDashboardTime_dashboard_eb49d44f-3d1f-40b3-a5f9-ebd36ab26f31",
         "value": "o%3AdateRange%3Ds%253Alast24Hour%5EdateRangeText%3Ds%253A24H"
      }],
      "temporary": false,
      "userId": "287ed085-c6ca-4255-b69c-956f1665ed51",
      "widgetInteractions": [
         {
            "type": "resourceId",
            "widgetIdProvider": "415a167b-9851-4a0d-8c8d-ef123b40bef7",
            "widgetIdReceiver": "b1521e5d-9bb5-4578-9f55-d262a4c04a0a"
         },
         {
            "type": "resourceId",
            "widgetIdProvider": "415a167b-9851-4a0d-8c8d-ef123b40bef7",
            "widgetIdReceiver": "71014179-be55-409e-ab87-1ba9a97de103"
         },
         {
            "type": "resourceId",
            "widgetIdProvider": "415a167b-9851-4a0d-8c8d-ef123b40bef7",
            "widgetIdReceiver": "f2623fca-bd84-4409-aea9-cdb50fc39186"
         },
         {
            "type": "resourceId",
            "widgetIdProvider": "415a167b-9851-4a0d-8c8d-ef123b40bef7",
            "widgetIdReceiver": "23f9ac36-6824-43d5-9f6a-1021c63ca10f"
         },
         {
            "type": "resourceId",
            "widgetIdProvider": "415a167b-9851-4a0d-8c8d-ef123b40bef7",
            "widgetIdReceiver": "3804c5b1-df88-45b2-a5b3-3e8d628f22e8"
         },
         {
            "type": "resourceId",
            "widgetIdProvider": "415a167b-9851-4a0d-8c8d-ef123b40bef7",
            "widgetIdReceiver": "c8657cc7-c886-4b09-bba9-f82a53af5072"
         },
         {
            "type": "resourceId",
            "widgetIdProvider": "415a167b-9851-4a0d-8c8d-ef123b40bef7",
            "widgetIdReceiver": "3874a05d-37e2-4f6e-9288-9818c4f29261"
         },
         {
            "type": "resourceId",
            "widgetIdProvider": "415a167b-9851-4a0d-8c8d-ef123b40bef7",
            "widgetIdReceiver": "68c96fa9-54ea-434a-966e-817510e9e8fb"
         },
         {
            "type": "resourceId",
            "widgetIdProvider": "415a167b-9851-4a0d-8c8d-ef123b40bef7",
            "widgetIdReceiver": "23815478-9600-410f-8e7a-0f8941a7fc55"
         },
         {
            "type": "resourceId",
            "widgetIdProvider": "415a167b-9851-4a0d-8c8d-ef123b40bef7",
            "widgetIdReceiver": "c85b539b-622e-451b-8263-2551660c999a"
         },
         {
            "type": "resourceId",
            "widgetIdProvider": "c85b539b-622e-451b-8263-2551660c999a",
            "widgetIdReceiver": "1adb4160-47e7-4974-a3c8-86e7a94f57ec"
         },
         {
            "type": "resourceId",
            "widgetIdProvider": "415a167b-9851-4a0d-8c8d-ef123b40bef7",
            "widgetIdReceiver": "9425e82c-8fe4-4147-9dd0-18fd7bb9beef"
         },
         {
            "type": "resourceId",
            "widgetIdProvider": "9425e82c-8fe4-4147-9dd0-18fd7bb9beef",
            "widgetIdReceiver": "1786a31b-f2a4-4db1-b896-f3b7b3eda786"
         }
      ],
      "widgets": [
         {
            "collapsed": false,
            "config": {
               "boxColumns": 4,
               "boxHeight": null,
               "customFilter": {
                  "excludedResources": null,
                  "filter": [],
                  "includedResources": null
               },
               "depth": 1,
               "labelSize": 12,
               "maxCellCount": 100,
               "metric": {
                  "mode": "resourceKind",
                  "resourceKindMetrics": [
                     {
                        "colorMethod": 2,
                        "handleOldColoring": false,
                        "id": "extModel3817-1",
                        "isStringMetric": false,
                        "label": "",
                        "link": "",
                        "metricKey": "buffer|page_write",
                        "metricName": "Buffer|Page Writes",
                        "metricUnitId": null,
                        "orangeBound": null,
                        "redBound": null,
                        "resourceKindId": "resourceKind:id:0_::_",
                        "resourceKindName": "Microsoft SQL Server Instance",
                        "unit": "",
                        "yellowBound": null
                     },
                     {
                        "colorMethod": 2,
                        "handleOldColoring": false,
                        "id": "extModel3817-2",
                        "isStringMetric": false,
                        "label": "",
                        "link": "",
                        "metricKey": "buffer|page_lookup",
                        "metricName": "Buffer|Page Lookups",
                        "metricUnitId": null,
                        "orangeBound": null,
                        "redBound": null,
                        "resourceKindId": "resourceKind:id:0_::_",
                        "resourceKindName": "Microsoft SQL Server Instance",
                        "unit": "",
                        "yellowBound": null
                     },
                     {
                        "colorMethod": 2,
                        "handleOldColoring": false,
                        "id": "extModel3817-3",
                        "isStringMetric": false,
                        "label": "",
                        "link": "",
                        "metricKey": "buffer|page_read",
                        "metricName": "Buffer|Page Reads",
                        "metricUnitId": null,
                        "orangeBound": null,
                        "redBound": null,
                        "resourceKindId": "resourceKind:id:0_::_",
                        "resourceKindName": "Microsoft SQL Server Instance",
                        "unit": "",
                        "yellowBound": null
                     },
                     {
                        "colorMethod": 2,
                        "handleOldColoring": false,
                        "id": "extModel3817-4",
                        "isStringMetric": false,
                        "label": "",
                        "link": "",
                        "metricKey": "buffer|page_splits",
                        "metricName": "Buffer|Page Splits",
                        "metricUnitId": null,
                        "orangeBound": null,
                        "redBound": null,
                        "resourceKindId": "resourceKind:id:0_::_",
                        "resourceKindName": "Microsoft SQL Server Instance",
                        "unit": "",
                        "yellowBound": null
                     }
                  ],
                  "resourceMetrics": [],
                  "subMode": "resourceKindAll"
               },
               "mode": {"layoutMode": "fixedView"},
               "oldMetricValues": false,
               "periodLength": "dashboardTime",
               "refreshContent": {"refreshContent": true},
               "refreshInterval": 300,
               "relationshipMode": {"relationshipMode": 0},
               "resInteractionMode": null,
               "resource": [],
               "roundDecimals": 1,
               "selfProvider": {"selfProvider": false},
               "showDT": {"showDT": false},
               "showMetricName": {"showMetricName": true},
               "showMetricUnit": {"showMetricUnit": true},
               "showResourceName": {"showResourceName": false},
               "showSparkline": {"showSparkline": true},
               "title": "Buffer Scoreboard (for selected Instance)",
               "valueSize": 24,
               "visualTheme": 3
            },
            "gridsterCoords": {
               "h": 3,
               "w": 6,
               "x": 1,
               "y": 4
            },
            "height": 153,
            "id": "b1521e5d-9bb5-4578-9f55-d262a4c04a0a",
            "title": "Buffer Scoreboard (for selected Instance)",
            "type": "Scoreboard"
         },
         {
            "collapsed": false,
            "config": {
               "boxColumns": 3,
               "boxHeight": null,
               "customFilter": {
                  "excludedResources": null,
                  "filter": [],
                  "includedResources": null
               },
               "depth": 1,
               "labelSize": 12,
               "maxCellCount": 100,
               "metric": {
                  "mode": "resourceKind",
                  "resourceKindMetrics": [
                     {
                        "colorMethod": 2,
                        "id": "extModel13004-1",
                        "isStringMetric": false,
                        "label": "",
                        "link": "",
                        "metricKey": "active_processes|active_connections",
                        "metricName": "Active Processes|Active Connections",
                        "metricUnitId": null,
                        "orangeBound": null,
                        "redBound": null,
                        "resourceKindId": "resourceKind:id:1_::_",
                        "resourceKindName": "Microsoft SQL Server Database",
                        "unit": null,
                        "yellowBound": null
                     },
                     {
                        "colorMethod": 2,
                        "id": "extModel13004-2",
                        "isStringMetric": false,
                        "label": "",
                        "link": "",
                        "metricKey": "active_processes|active_transactions",
                        "metricName": "Active Processes|Active Transactions",
                        "metricUnitId": null,
                        "orangeBound": null,
                        "redBound": null,
                        "resourceKindId": "resourceKind:id:1_::_",
                        "resourceKindName": "Microsoft SQL Server Database",
                        "unit": null,
                        "yellowBound": null
                     },
                     {
                        "colorMethod": 2,
                        "handleOldColoring": false,
                        "id": "extModel6538-1",
                        "isStringMetric": false,
                        "label": "",
                        "link": "",
                        "metricKey": "capacity|space_used_percent",
                        "metricName": "Capacity|Space Used",
                        "metricUnitId": -1,
                        "orangeBound": null,
                        "redBound": null,
                        "resourceKindId": "resourceKind:id:1_::_",
                        "resourceKindName": "Microsoft SQL Server Database",
                        "unit": "Auto",
                        "yellowBound": null
                     },
                     {
                        "colorMethod": 2,
                        "id": "extModel86390-2",
                        "isStringMetric": false,
                        "label": "Disk Read Ops",
                        "link": "",
                        "metricKey": "disk_access|read_ops",
                        "metricName": "Disk Access|Read Operations",
                        "metricUnitId": -1,
                        "orangeBound": null,
                        "redBound": null,
                        "resourceKindId": "resourceKind:id:1_::_",
                        "resourceKindName": "Microsoft SQL Server Database",
                        "unit": "Auto",
                        "yellowBound": null
                     },
                     {
                        "colorMethod": 2,
                        "id": "extModel86390-3",
                        "isStringMetric": false,
                        "label": "Disk Write Ops",
                        "link": "",
                        "metricKey": "disk_access|write_ops",
                        "metricName": "Disk Access|Write Operations",
                        "metricUnitId": -1,
                        "orangeBound": null,
                        "redBound": null,
                        "resourceKindId": "resourceKind:id:1_::_",
                        "resourceKindName": "Microsoft SQL Server Database",
                        "unit": "Auto",
                        "yellowBound": null
                     },
                     {
                        "colorMethod": 2,
                        "handleOldColoring": false,
                        "id": "extModel6538-2",
                        "isStringMetric": false,
                        "label": "Disk IOPS",
                        "link": "",
                        "metricKey": "disk_access|iops",
                        "metricName": "Disk Access|IOPS",
                        "metricUnitId": -1,
                        "orangeBound": null,
                        "redBound": null,
                        "resourceKindId": "resourceKind:id:1_::_",
                        "resourceKindName": "Microsoft SQL Server Database",
                        "unit": "Auto",
                        "yellowBound": null
                     },
                     {
                        "colorMethod": 2,
                        "id": "extModel86390-4",
                        "isStringMetric": false,
                        "label": "Memory Used",
                        "link": "",
                        "metricKey": "memory|db_buffer",
                        "metricName": "Memory|Effective Used",
                        "metricUnitId": -1,
                        "orangeBound": null,
                        "redBound": null,
                        "resourceKindId": "resourceKind:id:1_::_",
                        "resourceKindName": "Microsoft SQL Server Database",
                        "unit": "Auto",
                        "yellowBound": null
                     },
                     {
                        "colorMethod": 2,
                        "id": "extModel86390-6",
                        "isStringMetric": false,
                        "label": "",
                        "link": "",
                        "metricKey": "performance|transactions",
                        "metricName": "Performance|Transactions",
                        "metricUnitId": -1,
                        "orangeBound": null,
                        "redBound": null,
                        "resourceKindId": "resourceKind:id:1_::_",
                        "resourceKindName": "Microsoft SQL Server Database",
                        "unit": "Auto",
                        "yellowBound": null
                     },
                     {
                        "colorMethod": 2,
                        "id": "extModel86390-7",
                        "isStringMetric": false,
                        "label": "Write Transactions",
                        "link": "",
                        "metricKey": "performance|write_transactions",
                        "metricName": "Performance|Write Transactions",
                        "metricUnitId": -1,
                        "orangeBound": null,
                        "redBound": null,
                        "resourceKindId": "resourceKind:id:1_::_",
                        "resourceKindName": "Microsoft SQL Server Database",
                        "unit": "Auto",
                        "yellowBound": null
                     }
                  ],
                  "resourceMetrics": [],
                  "subMode": "resourceKindAll"
               },
               "mode": {"layoutMode": "fixedView"},
               "oldMetricValues": false,
               "periodLength": "dashboardTime",
               "refreshContent": {"refreshContent": true},
               "refreshInterval": 300,
               "relationshipMode": {"relationshipMode": 0},
               "resInteractionMode": null,
               "resource": [],
               "roundDecimals": 1,
               "selfProvider": {"selfProvider": false},
               "showDT": {"showDT": false},
               "showMetricName": {"showMetricName": true},
               "showMetricUnit": {"showMetricUnit": true},
               "showResourceName": {"showResourceName": false},
               "showSparkline": {"showSparkline": true},
               "title": "Scoreboard (for selected Database)",
               "valueSize": 24,
               "visualTheme": 3
            },
            "gridsterCoords": {
               "h": 6,
               "w": 6,
               "x": 1,
               "y": 21
            },
            "height": 324,
            "id": "1adb4160-47e7-4974-a3c8-86e7a94f57ec",
            "title": "Scoreboard (for selected Database)",
            "type": "Scoreboard"
         },
         {
            "collapsed": false,
            "config": {
               "boxColumns": 3,
               "boxHeight": null,
               "customFilter": {
                  "excludedResources": null,
                  "filter": [],
                  "includedResources": null
               },
               "depth": 1,
               "labelSize": 12,
               "maxCellCount": 100,
               "metric": {
                  "mode": "resourceKind",
                  "resourceKindMetrics": [
                     {
                        "colorMethod": 2,
                        "id": "extModel89237-1",
                        "isStringMetric": false,
                        "label": "",
                        "link": "",
                        "metricKey": "general|avg_execution_time",
                        "metricName": "General|Average Execution Time",
                        "metricUnitId": "milliseconds",
                        "orangeBound": null,
                        "redBound": null,
                        "resourceKindId": "resourceKind:id:2_::_",
                        "resourceKindName": "Microsoft SQL Server Query",
                        "unit": "ms",
                        "yellowBound": null
                     },
                     {
                        "colorMethod": 2,
                        "id": "extModel89237-2",
                        "isStringMetric": false,
                        "label": "",
                        "link": "",
                        "metricKey": "general|execution_count",
                        "metricName": "General|Execution Count",
                        "metricUnitId": null,
                        "orangeBound": null,
                        "redBound": null,
                        "resourceKindId": "resourceKind:id:2_::_",
                        "resourceKindName": "Microsoft SQL Server Query",
                        "unit": null,
                        "yellowBound": null
                     },
                     {
                        "colorMethod": 2,
                        "id": "extModel89237-5",
                        "isStringMetric": false,
                        "label": "",
                        "link": "",
                        "metricKey": "general|execution_time",
                        "metricName": "General|Execution Time",
                        "metricUnitId": "milliseconds",
                        "orangeBound": null,
                        "redBound": null,
                        "resourceKindId": "resourceKind:id:2_::_",
                        "resourceKindName": "Microsoft SQL Server Query",
                        "unit": "ms",
                        "yellowBound": null
                     },
                     {
                        "colorMethod": 2,
                        "id": "extModel89237-6",
                        "isStringMetric": false,
                        "label": "",
                        "link": "",
                        "metricKey": "general|last_execution",
                        "metricName": "General|Last Execution",
                        "metricUnitId": "milliseconds",
                        "orangeBound": null,
                        "redBound": null,
                        "resourceKindId": "resourceKind:id:2_::_",
                        "resourceKindName": "Microsoft SQL Server Query",
                        "unit": "ms",
                        "yellowBound": null
                     },
                     {
                        "colorMethod": 2,
                        "id": "extModel89237-7",
                        "isStringMetric": false,
                        "label": "",
                        "link": "",
                        "metricKey": "general|total_elapsed_time",
                        "metricName": "General|Total Elapsed Time",
                        "metricUnitId": "milliseconds",
                        "orangeBound": null,
                        "redBound": null,
                        "resourceKindId": "resourceKind:id:2_::_",
                        "resourceKindName": "Microsoft SQL Server Query",
                        "unit": "ms",
                        "yellowBound": null
                     },
                     {
                        "colorMethod": 2,
                        "id": "extModel89237-8",
                        "isStringMetric": false,
                        "label": "",
                        "link": "",
                        "metricKey": "general|total_logical_reads",
                        "metricName": "General|Total Logical Reads",
                        "metricUnitId": null,
                        "orangeBound": null,
                        "redBound": null,
                        "resourceKindId": "resourceKind:id:2_::_",
                        "resourceKindName": "Microsoft SQL Server Query",
                        "unit": null,
                        "yellowBound": null
                     },
                     {
                        "colorMethod": 2,
                        "id": "extModel89237-9",
                        "isStringMetric": false,
                        "label": "",
                        "link": "",
                        "metricKey": "general|total_logical_writes",
                        "metricName": "General|Total Logical Writes",
                        "metricUnitId": null,
                        "orangeBound": null,
                        "redBound": null,
                        "resourceKindId": "resourceKind:id:2_::_",
                        "resourceKindName": "Microsoft SQL Server Query",
                        "unit": null,
                        "yellowBound": null
                     },
                     {
                        "colorMethod": 2,
                        "id": "extModel89237-10",
                        "isStringMetric": false,
                        "label": "",
                        "link": "",
                        "metricKey": "general|total_physical_reads",
                        "metricName": "General|Total Physical Reads",
                        "metricUnitId": null,
                        "orangeBound": null,
                        "redBound": null,
                        "resourceKindId": "resourceKind:id:2_::_",
                        "resourceKindName": "Microsoft SQL Server Query",
                        "unit": null,
                        "yellowBound": null
                     },
                     {
                        "colorMethod": 2,
                        "id": "extModel89237-12",
                        "isStringMetric": false,
                        "label": "",
                        "link": "",
                        "metricKey": "general|unique_plans",
                        "metricName": "General|Unique Query Plans",
                        "metricUnitId": null,
                        "orangeBound": null,
                        "redBound": null,
                        "resourceKindId": "resourceKind:id:2_::_",
                        "resourceKindName": "Microsoft SQL Server Query",
                        "unit": null,
                        "yellowBound": null
                     }
                  ],
                  "resourceMetrics": [],
                  "subMode": "resourceKindAll"
               },
               "mode": {"layoutMode": "fixedView"},
               "oldMetricValues": false,
               "periodLength": "dashboardTime",
               "refreshContent": {"refreshContent": true},
               "refreshInterval": 300,
               "relationshipMode": {"relationshipMode": 0},
               "resInteractionMode": null,
               "resource": [],
               "roundDecimals": 1,
               "selfProvider": {"selfProvider": false},
               "showDT": {"showDT": false},
               "showMetricName": {"showMetricName": true},
               "showMetricUnit": {"showMetricUnit": true},
               "showResourceName": {"showResourceName": false},
               "showSparkline": {"showSparkline": true},
               "title": "Scoreboard (for selected Query)",
               "valueSize": 24,
               "visualTheme": 3
            },
            "gridsterCoords": {
               "h": 6,
               "w": 6,
               "x": 7,
               "y": 21
            },
            "height": 324,
            "id": "1786a31b-f2a4-4db1-b896-f3b7b3eda786",
            "title": "Scoreboard (for selected Query)",
            "type": "Scoreboard"
         },
         {
            "collapsed": false,
            "config": {
               "boxColumns": 4,
               "boxHeight": null,
               "customFilter": {
                  "excludedResources": null,
                  "filter": [],
                  "includedResources": null
               },
               "depth": 1,
               "labelSize": 12,
               "maxCellCount": 100,
               "metric": {
                  "mode": "resourceKind",
                  "resourceKindMetrics": [
                     {
                        "colorMethod": 2,
                        "handleOldColoring": false,
                        "id": "extModel6621-1",
                        "isStringMetric": false,
                        "label": "",
                        "link": "",
                        "metricKey": "database_performance|log_cache_hit_ratio",
                        "metricName": "Database Performance|Log Cache Hit Ratio",
                        "metricUnitId": null,
                        "orangeBound": null,
                        "redBound": null,
                        "resourceKindId": "resourceKind:id:0_::_",
                        "resourceKindName": "Microsoft SQL Server Instance",
                        "unit": "",
                        "yellowBound": null
                     },
                     {
                        "colorMethod": 2,
                        "handleOldColoring": false,
                        "id": "extModel6621-2",
                        "isStringMetric": false,
                        "label": "",
                        "link": "",
                        "metricKey": "database_performance|log_pool_cache_miss",
                        "metricName": "Database Performance|Log Cache Misses",
                        "metricUnitId": null,
                        "orangeBound": null,
                        "redBound": null,
                        "resourceKindId": "resourceKind:id:0_::_",
                        "resourceKindName": "Microsoft SQL Server Instance",
                        "unit": "",
                        "yellowBound": null
                     },
                     {
                        "colorMethod": 2,
                        "handleOldColoring": false,
                        "id": "extModel6621-3",
                        "isStringMetric": false,
                        "label": "",
                        "link": "",
                        "metricKey": "database_performance|log_cache_read",
                        "metricName": "Database Performance|Log Cache Reads",
                        "metricUnitId": null,
                        "orangeBound": null,
                        "redBound": null,
                        "resourceKindId": "resourceKind:id:0_::_",
                        "resourceKindName": "Microsoft SQL Server Instance",
                        "unit": "",
                        "yellowBound": null
                     },
                     {
                        "colorMethod": 2,
                        "handleOldColoring": false,
                        "id": "extModel6621-4",
                        "isStringMetric": false,
                        "label": "",
                        "link": "",
                        "metricKey": "database_performance|log_pool_disk_read",
                        "metricName": "Database Performance|Log Pool Disk Reads",
                        "metricUnitId": null,
                        "orangeBound": null,
                        "redBound": null,
                        "resourceKindId": "resourceKind:id:0_::_",
                        "resourceKindName": "Microsoft SQL Server Instance",
                        "unit": "",
                        "yellowBound": null
                     }
                  ],
                  "resourceMetrics": [],
                  "subMode": "resourceKindAll"
               },
               "mode": {"layoutMode": "fixedView"},
               "oldMetricValues": false,
               "periodLength": "dashboardTime",
               "refreshContent": {"refreshContent": true},
               "refreshInterval": 300,
               "relationshipMode": {"relationshipMode": 0},
               "resInteractionMode": null,
               "resource": [],
               "roundDecimals": 1,
               "selfProvider": {"selfProvider": false},
               "showDT": {"showDT": false},
               "showMetricName": {"showMetricName": true},
               "showMetricUnit": {"showMetricUnit": true},
               "showResourceName": {"showResourceName": false},
               "showSparkline": {"showSparkline": true},
               "title": "Performance Scoreboard (for selected Instance)",
               "valueSize": 24,
               "visualTheme": 3
            },
            "gridsterCoords": {
               "h": 3,
               "w": 6,
               "x": 7,
               "y": 4
            },
            "height": 153,
            "id": "71014179-be55-409e-ab87-1ba9a97de103",
            "title": "Performance Scoreboard (for selected Instance)",
            "type": "Scoreboard"
         },
         {
            "collapsed": false,
            "config": {
               "autoZoom": {"autoSize": false},
               "customFilter": {
                  "excludedResources": null,
                  "filter": [],
                  "includedResources": null
               },
               "filterMode": "tagPicker",
               "nodeSize": null,
               "refreshContent": {"refreshContent": true},
               "refreshInterval": 300,
               "resourceId": null,
               "resourceName": null,
               "selfProvider": {"selfProvider": false},
               "tagFilter": null,
               "title": "Object Relationship (for selected Instance)"
            },
            "gridsterCoords": {
               "h": 6,
               "w": 12,
               "x": 1,
               "y": 27
            },
            "height": 324,
            "id": "f2623fca-bd84-4409-aea9-cdb50fc39186",
            "states": [
               {
                  "key": "perm_toolbarVisible_widget_eb49d44f-3d1f-40b3-a5f9-ebd36ab26f31_f2623fca-bd84-4409-aea9-cdb50fc39186",
                  "value": "b%3A1"
               },
               {
                  "key": "permResourceRelationship_widget_eb49d44f-3d1f-40b3-a5f9-ebd36ab26f31_f2623fca-bd84-4409-aea9-cdb50fc39186",
                  "value": "o%3A"
               }
            ],
            "title": "Object Relationship (for selected Instance)",
            "type": "ResourceRelationship"
         },
         {
            "collapsed": false,
            "config": {
               "chartViewItems": [],
               "isUpdatedView": true,
               "refreshContent": {"refreshContent": true},
               "refreshInterval": 300,
               "resource": {
                  "id": "Ext.vcops.chrome.model.Resource-5",
                  "resourceId": "resource:id:0_::_",
                  "resourceKindId": "002006VMWAREvSphere World",
                  "resourceName": "vSphere World",
                  "traversalSpecId": ""
               },
               "selectFirstRow": {"selectFirstRow": true},
               "selfProvider": {"selfProvider": true},
               "title": "Microsoft SQL Server Instances",
               "traversalSpecId": null,
               "viewDefinitionId": "208ee50c-9bfe-417a-b799-4c72d86f2407"
            },
            "gridsterCoords": {
               "h": 3,
               "w": 12,
               "x": 1,
               "y": 1
            },
            "height": 153,
            "id": "415a167b-9851-4a0d-8c8d-ef123b40bef7",
            "title": "Microsoft SQL Server Instances",
            "type": "View"
         },
         {
            "collapsed": false,
            "config": {
               "boxColumns": 4,
               "boxHeight": null,
               "customFilter": {
                  "excludedResources": null,
                  "filter": [],
                  "includedResources": null
               },
               "depth": 1,
               "labelSize": 16,
               "maxCellCount": 100,
               "metric": {
                  "mode": "resourceKind",
                  "resourceKindMetrics": [
                     {
                        "colorMethod": 2,
                        "handleOldColoring": false,
                        "id": "extModel10247-1",
                        "isStringMetric": false,
                        "label": "",
                        "link": "",
                        "metricKey": "disk_access|read_bytes",
                        "metricName": "Disk Access|Bytes Read",
                        "metricUnitId": -1,
                        "orangeBound": null,
                        "redBound": null,
                        "resourceKindId": "resourceKind:id:0_::_",
                        "resourceKindName": "Microsoft SQL Server Instance",
                        "unit": "Auto",
                        "yellowBound": null
                     },
                     {
                        "colorMethod": 2,
                        "handleOldColoring": false,
                        "id": "extModel10247-2",
                        "isStringMetric": false,
                        "label": "",
                        "link": "",
                        "metricKey": "disk_access|write_bytes",
                        "metricName": "Disk Access|Bytes Written",
                        "metricUnitId": -1,
                        "orangeBound": null,
                        "redBound": null,
                        "resourceKindId": "resourceKind:id:0_::_",
                        "resourceKindName": "Microsoft SQL Server Instance",
                        "unit": "Auto",
                        "yellowBound": null
                     },
                     {
                        "colorMethod": 2,
                        "handleOldColoring": false,
                        "id": "extModel10247-3",
                        "isStringMetric": false,
                        "label": "",
                        "link": "",
                        "metricKey": "disk_access|read_ops",
                        "metricName": "Disk Access|Read Operations",
                        "metricUnitId": -1,
                        "orangeBound": null,
                        "redBound": null,
                        "resourceKindId": "resourceKind:id:0_::_",
                        "resourceKindName": "Microsoft SQL Server Instance",
                        "unit": "Auto",
                        "yellowBound": null
                     },
                     {
                        "colorMethod": 2,
                        "handleOldColoring": false,
                        "id": "extModel10247-4",
                        "isStringMetric": false,
                        "label": "",
                        "link": "",
                        "metricKey": "disk_access|write_ops",
                        "metricName": "Disk Access|Write Operations",
                        "metricUnitId": -1,
                        "orangeBound": null,
                        "redBound": null,
                        "resourceKindId": "resourceKind:id:0_::_",
                        "resourceKindName": "Microsoft SQL Server Instance",
                        "unit": "Auto",
                        "yellowBound": null
                     }
                  ],
                  "resourceMetrics": [],
                  "subMode": "resourceKindAll"
               },
               "mode": {"layoutMode": "fixedView"},
               "oldMetricValues": false,
               "periodLength": "dashboardTime",
               "refreshContent": {"refreshContent": true},
               "refreshInterval": 300,
               "relationshipMode": {"relationshipMode": 0},
               "resInteractionMode": null,
               "resource": [],
               "roundDecimals": 1,
               "selfProvider": {"selfProvider": false},
               "showDT": {"showDT": false},
               "showMetricName": {"showMetricName": true},
               "showMetricUnit": {"showMetricUnit": true},
               "showResourceName": {"showResourceName": false},
               "showSparkline": {"showSparkline": true},
               "title": "Disk Scoreboard (for selected Instance)",
               "valueSize": 24,
               "visualTheme": 3
            },
            "gridsterCoords": {
               "h": 3,
               "w": 6,
               "x": 1,
               "y": 7
            },
            "height": 153,
            "id": "23f9ac36-6824-43d5-9f6a-1021c63ca10f",
            "title": "Disk Scoreboard (for selected Instance)",
            "type": "Scoreboard"
         },
         {
            "collapsed": false,
            "config": {
               "boxColumns": 4,
               "boxHeight": null,
               "customFilter": {
                  "excludedResources": null,
                  "filter": [],
                  "includedResources": null
               },
               "depth": 1,
               "labelSize": 16,
               "maxCellCount": 100,
               "metric": {
                  "mode": "resourceKind",
                  "resourceKindMetrics": [
                     {
                        "colorMethod": 2,
                        "handleOldColoring": false,
                        "id": "extModel13489-1",
                        "isStringMetric": false,
                        "label": "",
                        "link": "",
                        "metricKey": "locks|lock_request",
                        "metricName": "Locks|Lock Requests",
                        "metricUnitId": null,
                        "orangeBound": null,
                        "redBound": null,
                        "resourceKindId": "resourceKind:id:0_::_",
                        "resourceKindName": "Microsoft SQL Server Instance",
                        "unit": "",
                        "yellowBound": null
                     },
                     {
                        "colorMethod": 2,
                        "handleOldColoring": false,
                        "id": "extModel13489-2",
                        "isStringMetric": false,
                        "label": "",
                        "link": "",
                        "metricKey": "locks|lock_timeout",
                        "metricName": "Locks|Lock Timeouts",
                        "metricUnitId": null,
                        "orangeBound": null,
                        "redBound": null,
                        "resourceKindId": "resourceKind:id:0_::_",
                        "resourceKindName": "Microsoft SQL Server Instance",
                        "unit": "",
                        "yellowBound": null
                     },
                     {
                        "colorMethod": 2,
                        "handleOldColoring": false,
                        "id": "extModel13489-3",
                        "isStringMetric": false,
                        "label": "",
                        "link": "",
                        "metricKey": "locks|lock_wait_time",
                        "metricName": "Locks|Lock Wait Time",
                        "metricUnitId": -1,
                        "orangeBound": null,
                        "redBound": null,
                        "resourceKindId": "resourceKind:id:0_::_",
                        "resourceKindName": "Microsoft SQL Server Instance",
                        "unit": "Auto",
                        "yellowBound": null
                     },
                     {
                        "colorMethod": 2,
                        "handleOldColoring": false,
                        "id": "extModel13489-4",
                        "isStringMetric": false,
                        "label": "",
                        "link": "",
                        "metricKey": "locks|lock_wait",
                        "metricName": "Locks|Lock Waits",
                        "metricUnitId": null,
                        "orangeBound": null,
                        "redBound": null,
                        "resourceKindId": "resourceKind:id:0_::_",
                        "resourceKindName": "Microsoft SQL Server Instance",
                        "unit": "",
                        "yellowBound": null
                     }
                  ],
                  "resourceMetrics": [],
                  "subMode": "resourceKindAll"
               },
               "mode": {"layoutMode": "fixedView"},
               "oldMetricValues": false,
               "periodLength": "dashboardTime",
               "refreshContent": {"refreshContent": true},
               "refreshInterval": 300,
               "relationshipMode": {"relationshipMode": 0},
               "resInteractionMode": null,
               "resource": [],
               "roundDecimals": 1,
               "selfProvider": {"selfProvider": false},
               "showDT": {"showDT": false},
               "showMetricName": {"showMetricName": true},
               "showMetricUnit": {"showMetricUnit": true},
               "showResourceName": {"showResourceName": false},
               "showSparkline": {"showSparkline": true},
               "title": "Lock Scoreboard (for selected Instance)",
               "valueSize": 24,
               "visualTheme": 3
            },
            "gridsterCoords": {
               "h": 3,
               "w": 6,
               "x": 7,
               "y": 7
            },
            "height": 153,
            "id": "3804c5b1-df88-45b2-a5b3-3e8d628f22e8",
            "title": "Lock Scoreboard (for selected Instance)",
            "type": "Scoreboard"
         },
         {
            "collapsed": false,
            "config": {
               "boxColumns": 4,
               "boxHeight": null,
               "customFilter": {
                  "excludedResources": null,
                  "filter": [],
                  "includedResources": null
               },
               "depth": 1,
               "labelSize": 16,
               "maxCellCount": 100,
               "metric": {
                  "mode": "resourceKind",
                  "resourceKindMetrics": [
                     {
                        "colorMethod": 2,
                        "handleOldColoring": false,
                        "id": "extModel17422-1",
                        "isStringMetric": false,
                        "label": "",
                        "link": "",
                        "metricKey": "memory|stolen_server_memory",
                        "metricName": "Memory|Stolen Server Memory",
                        "metricUnitId": "mibyte",
                        "orangeBound": null,
                        "redBound": null,
                        "resourceKindId": "resourceKind:id:0_::_",
                        "resourceKindName": "Microsoft SQL Server Instance",
                        "unit": "MiB",
                        "yellowBound": null
                     },
                     {
                        "colorMethod": 2,
                        "handleOldColoring": false,
                        "id": "extModel17422-2",
                        "isStringMetric": false,
                        "label": "",
                        "link": "",
                        "metricKey": "memory|sql_cache_memory",
                        "metricName": "Memory|SQL Cache Memory",
                        "metricUnitId": "mibyte",
                        "orangeBound": null,
                        "redBound": null,
                        "resourceKindId": "resourceKind:id:0_::_",
                        "resourceKindName": "Microsoft SQL Server Instance",
                        "unit": "MiB",
                        "yellowBound": null
                     },
                     {
                        "colorMethod": 2,
                        "handleOldColoring": false,
                        "id": "extModel17422-3",
                        "isStringMetric": false,
                        "label": "",
                        "link": "",
                        "metricKey": "memory|log_pool_memory",
                        "metricName": "Memory|Log Pool Memory",
                        "metricUnitId": "mibyte",
                        "orangeBound": null,
                        "redBound": null,
                        "resourceKindId": "resourceKind:id:0_::_",
                        "resourceKindName": "Microsoft SQL Server Instance",
                        "unit": "MiB",
                        "yellowBound": null
                     },
                     {
                        "colorMethod": 2,
                        "handleOldColoring": false,
                        "id": "extModel17422-4",
                        "isStringMetric": false,
                        "label": "",
                        "link": "",
                        "metricKey": "memory|lock_memory",
                        "metricName": "Memory|Lock Memory",
                        "metricUnitId": "mibyte",
                        "orangeBound": null,
                        "redBound": null,
                        "resourceKindId": "resourceKind:id:0_::_",
                        "resourceKindName": "Microsoft SQL Server Instance",
                        "unit": "MiB",
                        "yellowBound": null
                     }
                  ],
                  "resourceMetrics": [],
                  "subMode": "resourceKindAll"
               },
               "mode": {"layoutMode": "fixedView"},
               "oldMetricValues": false,
               "periodLength": "dashboardTime",
               "refreshContent": {"refreshContent": true},
               "refreshInterval": 300,
               "relationshipMode": {"relationshipMode": 0},
               "resInteractionMode": null,
               "resource": [],
               "roundDecimals": 1,
               "selfProvider": {"selfProvider": false},
               "showDT": {"showDT": false},
               "showMetricName": {"showMetricName": true},
               "showMetricUnit": {"showMetricUnit": true},
               "showResourceName": {"showResourceName": false},
               "showSparkline": {"showSparkline": true},
               "title": "Memory Scoreboard (for selected Instance)",
               "valueSize": 24,
               "visualTheme": 3
            },
            "gridsterCoords": {
               "h": 3,
               "w": 6,
               "x": 1,
               "y": 10
            },
            "height": 153,
            "id": "c8657cc7-c886-4b09-bba9-f82a53af5072",
            "title": "Memory Scoreboard (for selected Instance)",
            "type": "Scoreboard"
         },
         {
            "collapsed": false,
            "config": {
               "boxColumns": 4,
               "boxHeight": null,
               "customFilter": {
                  "excludedResources": null,
                  "filter": [],
                  "includedResources": null
               },
               "depth": 1,
               "labelSize": 16,
               "maxCellCount": 100,
               "metric": {
                  "mode": "resourceKind",
                  "resourceKindMetrics": [
                     {
                        "colorMethod": 2,
                        "handleOldColoring": false,
                        "id": "extModel19360-1",
                        "isStringMetric": false,
                        "label": "",
                        "link": "",
                        "metricKey": "sysprocesses_states|blocked",
                        "metricName": "Process States|Blocked Processes",
                        "metricUnitId": null,
                        "orangeBound": null,
                        "redBound": null,
                        "resourceKindId": "resourceKind:id:0_::_",
                        "resourceKindName": "Microsoft SQL Server Instance",
                        "unit": "",
                        "yellowBound": null
                     },
                     {
                        "colorMethod": 2,
                        "handleOldColoring": false,
                        "id": "extModel19360-2",
                        "isStringMetric": false,
                        "label": "",
                        "link": "",
                        "metricKey": "sysprocesses_states|running",
                        "metricName": "Process States|Running Processes",
                        "metricUnitId": null,
                        "orangeBound": null,
                        "redBound": null,
                        "resourceKindId": "resourceKind:id:0_::_",
                        "resourceKindName": "Microsoft SQL Server Instance",
                        "unit": "",
                        "yellowBound": null
                     },
                     {
                        "colorMethod": 2,
                        "handleOldColoring": false,
                        "id": "extModel19360-3",
                        "isStringMetric": false,
                        "label": "",
                        "link": "",
                        "metricKey": "sysprocesses_states|sleeping",
                        "metricName": "Process States|Sleeping Processes",
                        "metricUnitId": null,
                        "orangeBound": null,
                        "redBound": null,
                        "resourceKindId": "resourceKind:id:0_::_",
                        "resourceKindName": "Microsoft SQL Server Instance",
                        "unit": "",
                        "yellowBound": null
                     },
                     {
                        "colorMethod": 2,
                        "handleOldColoring": false,
                        "id": "extModel19360-4",
                        "isStringMetric": false,
                        "label": "",
                        "link": "",
                        "metricKey": "sysprocesses_states|suspended",
                        "metricName": "Process States|Suspended Processes",
                        "metricUnitId": null,
                        "orangeBound": null,
                        "redBound": null,
                        "resourceKindId": "resourceKind:id:0_::_",
                        "resourceKindName": "Microsoft SQL Server Instance",
                        "unit": "",
                        "yellowBound": null
                     }
                  ],
                  "resourceMetrics": [],
                  "subMode": "resourceKindAll"
               },
               "mode": {"layoutMode": "fixedView"},
               "oldMetricValues": false,
               "periodLength": "dashboardTime",
               "refreshContent": {"refreshContent": true},
               "refreshInterval": 300,
               "relationshipMode": {"relationshipMode": 0},
               "resInteractionMode": null,
               "resource": [],
               "roundDecimals": 1,
               "selfProvider": {"selfProvider": false},
               "showDT": {"showDT": false},
               "showMetricName": {"showMetricName": true},
               "showMetricUnit": {"showMetricUnit": true},
               "showResourceName": {"showResourceName": false},
               "showSparkline": {"showSparkline": true},
               "title": "Process Scoreboard (for selected Instance)",
               "valueSize": 24,
               "visualTheme": 3
            },
            "gridsterCoords": {
               "h": 3,
               "w": 6,
               "x": 7,
               "y": 10
            },
            "height": 153,
            "id": "3874a05d-37e2-4f6e-9288-9818c4f29261",
            "title": "Process Scoreboard (for selected Instance)",
            "type": "Scoreboard"
         },
         {
            "collapsed": false,
            "config": {
               "boxColumns": 4,
               "boxHeight": null,
               "customFilter": {
                  "excludedResources": null,
                  "filter": [],
                  "includedResources": null
               },
               "depth": 1,
               "labelSize": 16,
               "maxCellCount": 100,
               "metric": {
                  "mode": "resourceKind",
                  "resourceKindMetrics": [
                     {
                        "colorMethod": 2,
                        "handleOldColoring": false,
                        "id": "extModel6403-1",
                        "isStringMetric": false,
                        "label": "",
                        "link": "",
                        "metricKey": "queries|total_exec_count",
                        "metricName": "Queries|Total Query Executions",
                        "metricUnitId": null,
                        "orangeBound": null,
                        "redBound": null,
                        "resourceKindId": "resourceKind:id:0_::_",
                        "resourceKindName": "Microsoft SQL Server Instance",
                        "unit": "",
                        "yellowBound": null
                     },
                     {
                        "colorMethod": 2,
                        "handleOldColoring": false,
                        "id": "extModel6403-2",
                        "isStringMetric": false,
                        "label": "",
                        "link": "",
                        "metricKey": "queries|avg_cpu_time_ms",
                        "metricName": "Queries|Average Query CPU",
                        "metricUnitId": "seconds",
                        "orangeBound": null,
                        "redBound": null,
                        "resourceKindId": "resourceKind:id:0_::_",
                        "resourceKindName": "Microsoft SQL Server Instance",
                        "unit": "s",
                        "yellowBound": null
                     },
                     {
                        "colorMethod": 2,
                        "handleOldColoring": false,
                        "id": "extModel6403-3",
                        "isStringMetric": false,
                        "label": "",
                        "link": "",
                        "metricKey": "queries|high_cpu_time",
                        "metricName": "Queries|High Query CPU",
                        "metricUnitId": "seconds",
                        "orangeBound": null,
                        "redBound": null,
                        "resourceKindId": "resourceKind:id:0_::_",
                        "resourceKindName": "Microsoft SQL Server Instance",
                        "unit": "s",
                        "yellowBound": null
                     },
                     {
                        "colorMethod": 2,
                        "handleOldColoring": false,
                        "id": "extModel6403-4",
                        "isStringMetric": false,
                        "label": "",
                        "link": "",
                        "metricKey": "queries|total_cpu_time",
                        "metricName": "Queries|Total Query CPU",
                        "metricUnitId": "seconds",
                        "orangeBound": null,
                        "redBound": null,
                        "resourceKindId": "resourceKind:id:0_::_",
                        "resourceKindName": "Microsoft SQL Server Instance",
                        "unit": "s",
                        "yellowBound": null
                     }
                  ],
                  "resourceMetrics": [],
                  "subMode": "resourceKindAll"
               },
               "mode": {"layoutMode": "fixedView"},
               "oldMetricValues": false,
               "periodLength": "dashboardTime",
               "refreshContent": {"refreshContent": true},
               "refreshInterval": 300,
               "relationshipMode": {"relationshipMode": 0},
               "resInteractionMode": null,
               "resource": [],
               "roundDecimals": 1,
               "selfProvider": {"selfProvider": false},
               "showDT": {"showDT": false},
               "showMetricName": {"showMetricName": true},
               "showMetricUnit": {"showMetricUnit": true},
               "showResourceName": {"showResourceName": false},
               "showSparkline": {"showSparkline": true},
               "title": "Query Scoreboard (for selected Instance)",
               "valueSize": 24,
               "visualTheme": 3
            },
            "gridsterCoords": {
               "h": 3,
               "w": 6,
               "x": 1,
               "y": 13
            },
            "height": 153,
            "id": "68c96fa9-54ea-434a-966e-817510e9e8fb",
            "title": "Query Scoreboard (for selected Instance)",
            "type": "Scoreboard"
         },
         {
            "collapsed": false,
            "config": {
               "boxColumns": 4,
               "boxHeight": null,
               "customFilter": {
                  "excludedResources": null,
                  "filter": [],
                  "includedResources": null
               },
               "depth": 1,
               "labelSize": 16,
               "maxCellCount": 100,
               "metric": {
                  "mode": "resourceKind",
                  "resourceKindMetrics": [
                     {
                        "colorMethod": 2,
                        "handleOldColoring": false,
                        "id": "extModel7155-1",
                        "isStringMetric": false,
                        "label": "",
                        "link": "",
                        "metricKey": "statements|sql_recompilations_ratio",
                        "metricName": "Statements|SQL Recompilation Ratio",
                        "metricUnitId": null,
                        "orangeBound": null,
                        "redBound": null,
                        "resourceKindId": "resourceKind:id:0_::_",
                        "resourceKindName": "Microsoft SQL Server Instance",
                        "unit": "",
                        "yellowBound": null
                     },
                     {
                        "colorMethod": 2,
                        "handleOldColoring": false,
                        "id": "extModel7155-2",
                        "isStringMetric": false,
                        "label": "",
                        "link": "",
                        "metricKey": "statements|sql_compilations",
                        "metricName": "Statements|SQL Compilations",
                        "metricUnitId": null,
                        "orangeBound": null,
                        "redBound": null,
                        "resourceKindId": "resourceKind:id:0_::_",
                        "resourceKindName": "Microsoft SQL Server Instance",
                        "unit": "",
                        "yellowBound": null
                     },
                     {
                        "colorMethod": 2,
                        "handleOldColoring": false,
                        "id": "extModel7155-3",
                        "isStringMetric": false,
                        "label": "",
                        "link": "",
                        "metricKey": "statements|batch_compilation_ratio",
                        "metricName": "Statements|Batch Compilation Ratio",
                        "metricUnitId": null,
                        "orangeBound": null,
                        "redBound": null,
                        "resourceKindId": "resourceKind:id:0_::_",
                        "resourceKindName": "Microsoft SQL Server Instance",
                        "unit": "",
                        "yellowBound": null
                     },
                     {
                        "colorMethod": 2,
                        "handleOldColoring": false,
                        "id": "extModel7155-4",
                        "isStringMetric": false,
                        "label": "",
                        "link": "",
                        "metricKey": "statements|batch_requests",
                        "metricName": "Statements|Batch Requests",
                        "metricUnitId": null,
                        "orangeBound": null,
                        "redBound": null,
                        "resourceKindId": "resourceKind:id:0_::_",
                        "resourceKindName": "Microsoft SQL Server Instance",
                        "unit": "",
                        "yellowBound": null
                     }
                  ],
                  "resourceMetrics": [],
                  "subMode": "resourceKindAll"
               },
               "mode": {"layoutMode": "fixedView"},
               "oldMetricValues": false,
               "periodLength": "dashboardTime",
               "refreshContent": {"refreshContent": true},
               "refreshInterval": 300,
               "relationshipMode": {"relationshipMode": 0},
               "resInteractionMode": null,
               "resource": [],
               "roundDecimals": 1,
               "selfProvider": {"selfProvider": false},
               "showDT": {"showDT": false},
               "showMetricName": {"showMetricName": true},
               "showMetricUnit": {"showMetricUnit": true},
               "showResourceName": {"showResourceName": false},
               "showSparkline": {"showSparkline": true},
               "title": "Statement Scoreboard (for selected Instance)",
               "valueSize": 24,
               "visualTheme": 3
            },
            "gridsterCoords": {
               "h": 3,
               "w": 6,
               "x": 7,
               "y": 13
            },
            "height": 153,
            "id": "23815478-9600-410f-8e7a-0f8941a7fc55",
            "title": "Statement Scoreboard (for selected Instance)",
            "type": "Scoreboard"
         },
         {
            "collapsed": false,
            "config": {
               "chartViewItems": [],
               "isUpdatedView": true,
               "refreshContent": {"refreshContent": true},
               "refreshInterval": 300,
               "resource": null,
               "selectFirstRow": {"selectFirstRow": true},
               "selfProvider": {"selfProvider": false},
               "title": "Databases (for selected Instance)",
               "traversalSpecId": "",
               "viewDefinitionId": "74e575b8-a03c-471e-a433-7acd4fdf389b"
            },
            "gridsterCoords": {
               "h": 5,
               "w": 6,
               "x": 1,
               "y": 16
            },
            "height": 267,
            "id": "c85b539b-622e-451b-8263-2551660c999a",
            "states": [{
               "key": "perm_toolbarVisible_widget_eb49d44f-3d1f-40b3-a5f9-ebd36ab26f31_c85b539b-622e-451b-8263-2551660c999a",
               "value": "b%3A1"
            }],
            "title": "Databases (for selected Instance)",
            "type": "View"
         },
         {
            "collapsed": false,
            "config": {
               "chartViewItems": [],
               "isUpdatedView": true,
               "refreshContent": {"refreshContent": true},
               "refreshInterval": 300,
               "resource": null,
               "selectFirstRow": {"selectFirstRow": true},
               "selfProvider": {"selfProvider": false},
               "title": "Queries (for selected Instance)",
               "traversalSpecId": "",
               "viewDefinitionId": "a19e7e02-0dfb-4f85-aec4-14dd64734158"
            },
            "gridsterCoords": {
               "h": 5,
               "w": 6,
               "x": 7,
               "y": 16
            },
            "height": 267,
            "id": "9425e82c-8fe4-4147-9dd0-18fd7bb9beef",
            "title": "Queries (for selected Instance)",
            "type": "View"
         }
      ]
   }],
   "entries": {
      "resource": [{
         "adapterKindKey": "VMWARE",
         "identifiers": [],
         "internalId": "resource:id:0_::_",
         "name": "vSphere World",
         "resourceKindKey": "vSphere World"
      }],
      "resourceKind": [
         {
            "adapterKindKey": "SqlServerAdapter",
            "internalId": "resourceKind:id:0_::_",
            "resourceKindKey": "SqlServer"
         },
         {
            "adapterKindKey": "SqlServerAdapter",
            "internalId": "resourceKind:id:1_::_",
            "resourceKindKey": "SqlDatabase"
         },
         {
            "adapterKindKey": "SqlServerAdapter",
            "internalId": "resourceKind:id:2_::_",
            "resourceKindKey": "SqlQuery"
         }
      ]
   },
   "uuid": "a9c87986-8937-4681-b6e0-eea72c32f99c"
}